title,price_gbp
The Origin of Species,10.01
Tastes Like Fear (DI Marnie Rome #3),10.69
Hide Away (Eve Duncan #20),11.84
"The Elegant Universe: Superstrings, Hidden Dimensions, and the Quest for the Ultimate Theory",13.03
The Grand Design,13.76
That Darkness (Gardiner and Renner #1),13.92
Wild Swans,14.36
Obsidian (Lux #1),14.86
Peak: Secrets from the New Science of Expertise,16.28
The Constant Princess (The Tudor Court #1),16.62
A Murder in Time,16.64
A Study in Scarlet (Sherlock Holmes #1),16.73
Lilac Girls,17.28
Set Me Free,17.46
"In a Dark, Dark Wood",19.63
"Love, Lies and Spies",20.55
The Requiem Red,22.65
The Road to Little Dribbling: Adventures of an American in Britain (Notes From a Small Island #2),23.21
"Surely You're Joking, Mr. Feynman!: Adventures of a Curious Character",25.83
"1,000 Places to See Before You Die",26.08
Girl With a Pearl Earring,26.77
Poisonous (Max Revere Novels #3),26.8
This Is Where It Ends,27.12
The Marriage of Opposites,28.08
A Fierce and Subtle Poison,28.13
The Passion of Dolssa,28.32
Diary of a Citizen Scientist: Chasing Tiger Beetles and Other New Ways of Engaging the World,28.41
Burning,28.81
The Selfish Gene,29.45
Forever and Forever: The Courtship of Henry Longfellow and Fanny Appleton,29.69
Frostbite (Vampire Academy #2),29.99
