title,category_id
"1,000 Places to See Before You Die",4
A Murder in Time,2
A Study in Scarlet (Sherlock Holmes #1),2
A Summer In Europe,4
A Time of Torment (Charlie Parker #14),2
A Year in Provence (Provence #1),4
Boar Island (Anna Pigeon #19),2
Full Moon over Noahâs Ark: An Odyssey to Mount Ararat and Beyond,4
Hide Away (Eve Duncan #20),2
"In a Dark, Dark Wood",2
It's Only the Himalayas,4
Most Wanted,2
Murder at the 42nd Street Library (Raymond Ambler #1),2
Neither Here nor There: Travels in Europe,4
Poisonous (Max Revere Novels #3),2
See America: A Celebration of Our National Parks & Treasured Sites,4
Sharp Objects,2
Tastes Like Fear (DI Marnie Rome #3),2
That Darkness (Gardiner and Renner #1),2
The Great Railway Bazaar,4
The Last Mile (Amos Decker #2),2
The Murder of Roger Ackroyd (Hercule Poirot #4),2
The Past Never Ends,2
The Road to Little Dribbling: Adventures of an American in Britain (Notes From a Small Island #2),4
Under the Tuscan Sun,4
Vagabonding: An Uncommon Guide to the Art of Long-Term World Travel,4
